kernel,C,gamma,degree,mean_acc
linear,7.741820925074074,auto,3,0.894
linear,8.587393219914711,scale,4,0.894
